<?xml version="1.0" encoding="utf-8"?>
<odoo>
    <record id="ir_cron_quarantine_expired_stock" model="ir.cron">
        <field name="name">Quarantine Expired Stock</field>
        <field name="model_id" ref="model_stock_picking"/>
        <field name="state">code</field>
        <field name="code">model._quarantine_expired_stock()</field>
        <field name="interval_number">1</field>
        <field name="interval_type">days</field>
        <field name="numbercall">-1</field>
        <field name="doall">True</field>
    </record>
</odoo>