<?xml version="1.0" encoding="UTF-8"?>
<templates id="template" xml:space="preserve">

    <t t-name="point_of_sale.DeliveryOrderLine">
            <tr t-attf-class="order-line gap-2 gap-lg-0 align-top {{highlight}}" t-att-data-id="props.order.zmall_order_id"
            t-on-click="() => this.props.onClickOrder(props.order)">
            <td>
                <b>
                    <t t-esc="props.order.customer_name or ''" />
                </b>
                <div class="company-field text-bg-muted">
                    <t t-esc="props.order.created_at or ''" />
                </div>
            </td>
            <td>
                <div class="order-line-total-price" t-if="props.order.total_cart_price">
                    <t t-esc="props.order.total_cart_price" />
                </div>
            </td>
            <td class="order-line-items">
                <t t-if="props.order and props.order.cart_items and props.order.cart_items.length >0 ">
                    <t t-if="props.order and Array.isArray(props.order.cart_items)" t-foreach="props.order.cart_items" t-as="item" t-key="item.unique_id">
                        <div>
                            <i class="fa fa-fw fa-tag me-2"/><t t-esc="item.full_product_name"/>
                        </div>
                    </t>
                </t>
            </td>
            <td style="edit-order-button-cell">
                                            <t t-if="props.order and props.order.order_status == 1">
                                                <button t-on-click="()=> this.handleOrderLineClick(props.order)" class="highlight edit-order-button btn btn-primary border">New</button>
                                            </t>
                                            <t t-if="props.order and props.order.order_status == 3">
                                                <button  t-on-click="() => this.handleOrderLineClick(props.order)" class="highlight edit-order-button btn btn-warning border">Accepted</button>
                                            </t>
                                            <t t-if="props.order and props.order.order_status == 5">
                                                <button  t-on-click=" ()=> this.handleOrderLineClick(props.order)" class="highlight edit-order-button btn btn-info border">Prepared</button>
                                            </t>
                                            <t t-if="props.order and props.order.order_status == 7">
                                                <button  t-on-click="()=> this.handleOrderLineClick(props.order)" class="highlight edit-order-button btn btn-success border">Ready</button>
                                            </t>

                                        </td>
             <td class="edit-order-button-cell">
                <button class="edit-order-button btn btn-danger border" t-on-click.stop="() => this.handleCancelOrderButton(props.order)">Cancel</button>
            </td>
            <td class="edit-order-button-cell">
                <button class="edit-order-button btn btn-info border" t-on-click.stop="() => this.handleonClickCartButton(props.order)">DETAILS</button>
            </td>

            <!-- <td class="edit-order-button-cell">
                <button class="edit-order-button btn btn-info border" t-on-click.stop="() => this.handleaddposorder(props.order)">add to pos order</button>
            </td> -->
            
            <td class="order-line-last-column-placeholder oe_invisible"></td>
        </tr>


    </t>

</templates>
