<?xml version="1.0" encoding="UTF-8"?>
<templates id="template" xml:space="preserve">

    <t t-name="pos_etta.DeliveryProductSync">
        <div class="partnerlist-screen screen h-100 d-flex flex-column bg-100">
            <div class="top-content d-flex align-items-center p-2 border-bottom text-center">
                <div class="button highlight btn btn-lg btn-primary" t-if="state.detailIsShown" t-on-click="() => this.partnerEditor.save()">
                    <i t-if="ui.isSmall" class="fa fa-floppy-o"/>
                    <t t-else="">
                        <span> Save</span>
                    </t>
                </div>
                <div class="button back btn btn-lg btn-secondary mx-2" t-on-click="back">
                    <i t-if="ui.isSmall" class="fa fa-angle-double-left"/>
                    <t t-else=""> Discard</t>
                </div>

                <div class="button back btn btn-lg btn-secondary mx-2" t-on-click="backclick">
                    <i t-if="ui.isSmall" class="fa fa-angle-double-left"/>
                    <t t-else=""> back </t>
                </div>
<!-- 
                <div class="button products btn btn-lg btn-info mx-2" t-on-click="addProductScreen">
                    <i t-if="ui.isSmall" class="fa fa-list"/>
                    <t t-else=""> Load Products</t>
                </div> -->

                 <!-- <div class="button back btn btn-lg btn-secondary mx-2" t-on-click="back">
                    <i t-if="ui.isSmall" class="fa fa-angle-double-left"/>
                    <t t-else=""> Products</t>
                </div> -->



                <div class="top-right-buttons d-flex gap-2 w-100 justify-content-end">
                    <div t-if="state.detailIsShown and state.editModeProps.partner.id" class="button more-info">
                        <a t-on-click="goToOrders" class="btn btn-lg btn-outline-secondary" target="_blank"> Orders </a>
                    </div>
                    <div t-if="state.detailIsShown &amp;&amp; state.editModeProps.partner.id" class="button more-info">
                        <a t-att-href="partnerLink" class="btn btn-lg btn-outline-secondary" target="_blank"> More info</a>
                    </div>
                <div class="search-bar-container sb-partner d-flex align-items-center w-100 w-lg-50 h-100 h-100" t-if="!state.detailIsShown">
                        <div class="fa fa-times position-absolute end-0 me-2 pe-1 cursor-pointer" t-on-click="back">
                        <i t-if="ui.isSmall" class="fa fa-angle-double-left"/>
                        <t t-else=""> </t>
                    </div>
                </div>






                </div>
            </div>
             
                 
            <section class="overflow-auto">
                <t t-if="state.detailIsShown">
                 

                </t>
                 <!-- <t>
                    <div class="product-line-container">
                        <t t-foreach="state.products" t-as="product" t-key="product.id">
                            <ProductLine product="product"/>
                        </t>
                    </div>
                </t> -->
            
                <t t-else="">
                    <table class="partner-list table table-striped w-100">
                        <thead>
                            <tr>
                                <th class="py-2">Name</th>
                                <th class="py-2">Total Price</th>
                                <th class="partner-line-email py-2">item</th>
                                <th class="py-2">State</th>
                                <!-- <th class="pos-right-align py-2" t-if="isBalanceDisplayed">Balance</th> -->
                                <th class="partner-line-details py-2"></th>
                                <th class="partner-line-last-column-placeholder oe_invisible py-2"></th>
                            </tr>
                        </thead>
                      
                    <tbody class="order-list-contents">
                        <t t-if="getProducts and getProducts.length and   getProducts.length>=1">
                            <t t-if="getProducts and getProducts.length>=1 " t-foreach="getProducts" t-as="order" t-key="order.item_id">
                                <DeliveryProductLine order="order"
                                                selectedOrder="state.selectedOrder"
                                                CancelOrderButton.bind = "CancelOrderButton"
                                                onClickOrder.bind="clickOrder"
                                                clickOrderLineEtta.bind="clickOrderLineEtta"
                                                onClickCartButton.bind="clickCartButton"
                                                handleaddposorder.bind="handleaddposorder"
                                                />
                            </t>
                        </t>
                </tbody>


                

                    </table>
                    <!-- <div t-if="state.query" class="search-more-button d-flex justify-content-center my-2">
                        <button class="btn btn-lg btn-primary" t-on-click="_onPressEnterKey">Search more</button>
                    </div> -->
                </t>
            </section>
        </div>
    </t>

</templates>





