<?xml version="1.0" encoding="UTF-8"?>
<templates id="template" xml:space="preserve">
    <t t-name="pos_multi_warehouse_v2.WarehousePopup" owl="1">
        <div class="popup warehouse-popup">
            <header class="title">
                <t t-esc="props.title"/>
            </header>
            <main class="body">
                <div class="warehouse-table-container">
                    <table class="warehouse-table">
                        <thead>
                            <tr>
                                <th>WAREHOUSE</th>
                                <th>AVAILABLE</th>
                                <th>QTY</th>
                            </tr>
                        </thead>
                        <tbody>
                            <t t-foreach="props.warehouses" t-as="warehouse" t-key="warehouse.warehouse_id">
                                <tr>
                                    <td class="warehouse-name">
                                        <t t-esc="warehouse.warehouse_name"/>
                                    </td>
                                    <td class="warehouse-available">
                                        <t t-esc="warehouse.quantity"/>
                                    </td>
                                    <td class="warehouse-input">
                                        <input 
                                            type="number"
                                            class="quantity-input"
                                            t-ref="inputRefs[warehouse.warehouse_id]"
                                            t-att-max="warehouse.quantity"
                                            min="0"
                                            step="1"
                                            t-att-value="state.warehouseQuantities[warehouse.warehouse_id]"
                                            t-on-input="(ev) => this.updateQuantity(warehouse.warehouse_id, ev.target.value)"
                                        />
                                    </td>
                                </tr>
                            </t>
                        </tbody>
                        <tfoot>
                            <tr>
                                <td colspan="2" class="total-label">TOTAL</td>
                                <td class="total-value">
                                    <t t-esc="state.total"/>
                                </td>
                            </tr>
                        </tfoot>
                    </table>
                </div>
            </main>
            <footer class="footer">
                <button class="cancel" t-on-click="cancel">
                    <t t-esc="props.cancelText"/>
                </button>
                <button class="confirm highlight" t-on-click="confirm">
                    <t t-esc="props.confirmText"/>
                </button>
            </footer>
        </div>
    </t>
</templates>